<?xml version="1.0" encoding="UTF-8"?>
<dragonLife>
    <Dragon>
        <id>354</id>
        <name>LOH</name>
        <coordinates>
            <x>25</x>
            <y>40</y>
        </coordinates>
        <creationDate>02-04-2020</creationDate>
        <age>199</age>
        <color>RED</color>
        <type>AIR</type>
        <character>CHAOTIC</character>
        <Person>
            <name>killer</name>
            <height>657</height>
            <eyeColor>BLUE</eyeColor>
            <hairColor>BLUE</hairColor>
            <location>
                <x>3636</x>
                <y> 88484</y>
                <z>75874</z>
                <name>dacha</name>
            </location>
        </Person>
    </Dragon>
</dragonLife>
